Description,Quantity
"PAPER CRAFT , LITTLE BIRDIE",80995
MEDIUM CERAMIC TOP STORAGE JAR,78033
WORLD WAR 2 GLIDERS ASSTD DESIGNS,55047
JUMBO BAG RED RETROSPOT,48474
WHITE HANGING HEART T-LIGHT HOLDER,37891
POPCORN HOLDER,36761
ASSORTED COLOUR BIRD ORNAMENT,36461
PACK OF 72 RETROSPOT CAKE CASES,36419
RABBIT NIGHT LIGHT,30788
MINI PAINT SET VINTAGE ,26633
PACK OF 12 LONDON TISSUES ,26135
PACK OF 60 PINK PAISLEY CAKE CASES,24854
VICTORIAN GLASS HANGING T-LIGHT,24304
ASSORTED COLOURS SILK FAN,23826
BROCADE RING PURSE ,23056
RED  HARMONICA IN BOX ,21933
JUMBO BAG PINK POLKADOT,21465
SMALL POPCORN HOLDER,20160
PAPER CHAIN KIT 50'S CHRISTMAS ,19355
LUNCH BAG RED RETROSPOT,19353
